Date,Location,Monster,Slime Name
2023-04-15,Skyworld,Slime,Green Slime
2023-04-15,Skyworld,Slime,Green Slime
2021-09-30 14:30,Skyworld,Skeleton,
11-03-2023,Skyworld,Mushroom,
Jan 5 2024,Skyworld,Bush Monster,
Jan 5 2024,Skyworld,Bush Monster,
19.08.2023,Skyworld,Slime,Blue Slime
2024-02-29 9:45,Skyworld,Skeleton,
12/01/2021,Skyworld,Mushroom,
10-17-2022,Skyworld,Mushroom,
2023-11-30,Skyworld,Bush Monster,
08.25.2024,Skyworld,Slime,Green Slime
2022-03-14 18:00,Skyworld,Slime,Blue Slime
2022-03-14 18:00,Skyworld,Slime,Blue Slime
16-Jul-2024,Skyworld,Mushroom,
2024-02-29 9:45,Skyworld,Skeleton,
12/01/2021,Skyworld,Mushroom,